"Apple iPhone SE (Red, 128 GB)","34,999",11174 Ratings 
"Apple iPhone 7 Plus (Black, 32 GB)","34,999",11174 Ratings 
"Apple iPhone SE (White, 128 GB)","34,999",11174 Ratings 
"Apple iPhone 8 (Gold, 64 GB)","34,999",29201 Ratings 
"Apple iPhone SE (Black, 128 GB)","37,900",29201 Ratings 
"Apple iPhone SE (White, 64 GB) (Includes EarPods, Power Adapter)","39,900",29201 Ratings 
"Apple iPhone SE (Red, 64 GB)","39,900",29201 Ratings 
"Apple iPhone SE (White, 64 GB)","39,900",29471 Ratings 
"Apple iPhone SE (Black, 64 GB)","39,900",29471 Ratings 
"Apple iPhone XR (Black, 64 GB) (Includes EarPods, Power Adapter)","42,999",29471 Ratings 
"Apple iPhone XR ((PRODUCT)RED, 64 GB) (Includes EarPods, Power Adapter)","43,999","72,639 Ratings "
"Apple iPhone 7 Plus (Gold, 128 GB)","43,999","72,639 Ratings "
"Apple iPhone 8 (Gold, 256 GB)","44,990","72,639 Ratings "
"Apple iPhone 8 (Silver, 256 GB)","44,990","72,639 Ratings "
"Apple iPhone 7 Plus (Rose Gold, 32 GB)","44,900",87441 Ratings 
"Apple iPhone 11 (White, 64 GB)","48,999",87441 Ratings 
"Apple iPhone 11 (Purple, 64 GB)","48,999",87441 Ratings 
"Apple iPhone 11 (Black, 64 GB)","51,999",87441 Ratings 
"Apple iPhone XR (Black, 128 GB) (Includes EarPods, Power Adapter)","51,999",87441 Ratings 
"Apple iPhone 11 (Black, 128 GB)","51,999",87441 Ratings 
"Apple iPhone XR (White, 128 GB) (Includes EarPods, Power Adapter)","48,999",87441 Ratings 
Device Details,Price,Ratings
